trial	variant	workers	seed	sync_every	rescan	cores	port	rc	result
1	A	1	1	256	0		18101	0	T2_RESULT workers=1 ingested=366 admitted=54 rejected=312 replayed=366 edges=171 objects=366 queue_full=0 execs=91777003 registered=1 reports=1 objectives=0 wall_ms=120071 sync_every=256 rescan=0 sync_calls=5560 sync_ns=5448692880 sync_ns_p95=1017324 sync_ns_max=4496652 paths_listed=1969067 paths_read=366 bytes_read=15354 spooled=366
1	B	4	1	256	0		18102	0	T2_RESULT workers=4 ingested=411 admitted=49 rejected=362 replayed=411 edges=173 objects=411 queue_full=0 execs=365488745 registered=4 reports=4 objectives=0 wall_ms=120097 sync_every=256 rescan=0 sync_calls=22157 sync_ns=21660545531 sync_ns_p95=1032323 sync_ns_max=8311108 paths_listed=7712431 paths_read=1422 bytes_read=59727 spooled=1422
1	C	8	1	256	0		18103	0	T2_RESULT workers=8 ingested=490 admitted=54 rejected=436 replayed=490 edges=173 objects=490 queue_full=0 execs=536256799 registered=8 reports=8 objectives=0 wall_ms=120156 sync_every=256 rescan=0 sync_calls=32515 sync_ns=50725393055 sync_ns_p95=1670330 sync_ns_max=16417787 paths_listed=11798328 paths_read=2950 bytes_read=126994 spooled=2950
1	D	7	1	256	0	0-6	18104	0	T2_RESULT workers=7 ingested=455 admitted=51 rejected=404 replayed=455 edges=172 objects=455 queue_full=0 execs=493049929 registered=7 reports=7 objectives=0 wall_ms=120137 sync_every=256 rescan=0 sync_calls=29898 sync_ns=42779431767 sync_ns_p95=1617790 sync_ns_max=11669657 paths_listed=10714061 paths_read=2565 bytes_read=111693 spooled=2565
1	E	8	1	1	0		18105	0	T2_RESULT workers=8 ingested=450 admitted=57 rejected=393 replayed=450 edges=171 objects=450 queue_full=0 execs=41099165 registered=8 reports=8 objectives=0 wall_ms=120795 sync_every=1 rescan=0 sync_calls=638416 sync_ns=877874534313 sync_ns_p95=1441471 sync_ns_max=654820777 paths_listed=213087260 paths_read=2769 bytes_read=117298 spooled=2769
1	F	8	1	256	1		18106	0	T2_RESULT workers=8 ingested=465 admitted=52 rejected=413 replayed=465 edges=173 objects=465 queue_full=0 execs=526892537 registered=8 reports=8 objectives=0 wall_ms=120142 sync_every=256 rescan=1 sync_calls=31950 sync_ns=69169037706 sync_ns_p95=2298515 sync_ns_max=12233185 paths_listed=10831839 paths_read=10831839 bytes_read=451351964 spooled=2783
1	G	8	1	1	1		18107	0	T2_RESULT workers=8 ingested=438 admitted=58 rejected=380 replayed=438 edges=171 objects=438 queue_full=0 execs=29072672 registered=8 reports=8 objectives=0 wall_ms=120135 sync_every=1 rescan=1 sync_calls=451155 sync_ns=904077078064 sync_ns_p95=2085385 sync_ns_max=9530410 paths_listed=143254745 paths_read=143254745 bytes_read=5941854397 spooled=2632
2	D	7	2	256	0	0-6	18201	0	T2_RESULT workers=7 ingested=482 admitted=54 rejected=428 replayed=482 edges=172 objects=482 queue_full=0 execs=488984253 registered=7 reports=7 objectives=0 wall_ms=120139 sync_every=256 rescan=0 sync_calls=29662 sync_ns=42789434771 sync_ns_p95=1611908 sync_ns_max=9660838 paths_listed=10784327 paths_read=2599 bytes_read=112912 spooled=2599
2	G	8	2	1	1		18202	0	T2_RESULT workers=8 ingested=433 admitted=58 rejected=375 replayed=433 edges=171 objects=433 queue_full=0 execs=29581327 registered=8 reports=8 objectives=0 wall_ms=120149 sync_every=1 rescan=1 sync_calls=458683 sync_ns=903338154997 sync_ns_p95=2118905 sync_ns_max=20324865 paths_listed=143683990 paths_read=143683990 bytes_read=5767603814 spooled=2649
2	B	4	2	256	0		18203	0	T2_RESULT workers=4 ingested=405 admitted=56 rejected=349 replayed=405 edges=173 objects=405 queue_full=0 execs=361342857 registered=4 reports=4 objectives=0 wall_ms=120093 sync_every=256 rescan=0 sync_calls=21911 sync_ns=21698102184 sync_ns_p95=1040683 sync_ns_max=7652396 paths_listed=7686998 paths_read=1427 bytes_read=62210 spooled=1427
2	F	8	2	256	1		18204	0	T2_RESULT workers=8 ingested=491 admitted=50 rejected=441 replayed=491 edges=172 objects=491 queue_full=0 execs=518085334 registered=8 reports=8 objectives=0 wall_ms=120146 sync_every=256 rescan=1 sync_calls=31417 sync_ns=73592616627 sync_ns_p95=2545713 sync_ns_max=16251389 paths_listed=11425848 paths_read=11425848 bytes_read=511285318 spooled=2955
2	A	1	2	256	0		18205	0	T2_RESULT workers=1 ingested=348 admitted=56 rejected=292 replayed=348 edges=171 objects=348 queue_full=0 execs=91734149 registered=1 reports=1 objectives=0 wall_ms=120056 sync_every=256 rescan=0 sync_calls=5562 sync_ns=5186546739 sync_ns_p95=974974 sync_ns_max=4438651 paths_listed=1865404 paths_read=348 bytes_read=15935 spooled=348
2	E	8	2	1	0		18206	0	T2_RESULT workers=8 ingested=461 admitted=59 rejected=402 replayed=461 edges=171 objects=461 queue_full=0 execs=40477324 registered=8 reports=8 objectives=0 wall_ms=120144 sync_every=1 rescan=0 sync_calls=628484 sync_ns=882710671411 sync_ns_p95=1458941 sync_ns_max=25558239 paths_listed=214809301 paths_read=2803 bytes_read=122457 spooled=2803
2	C	8	2	256	0		18207	0	T2_RESULT workers=8 ingested=471 admitted=51 rejected=420 replayed=471 edges=172 objects=471 queue_full=0 execs=538962200 registered=8 reports=8 objectives=0 wall_ms=120142 sync_every=256 rescan=0 sync_calls=32696 sync_ns=47911752740 sync_ns_p95=1594069 sync_ns_max=14071616 paths_listed=11216374 paths_read=2805 bytes_read=122647 spooled=2805
3	E	8	3	1	0		18301	0	T2_RESULT workers=8 ingested=469 admitted=56 rejected=413 replayed=469 edges=171 objects=469 queue_full=0 execs=40069046 registered=8 reports=8 objectives=0 wall_ms=120141 sync_every=1 rescan=0 sync_calls=622003 sync_ns=884183777713 sync_ns_p95=1503249 sync_ns_max=22416472 paths_listed=214461952 paths_read=2867 bytes_read=120986 spooled=2867
3	C	8	3	256	0		18302	0	T2_RESULT workers=8 ingested=499 admitted=57 rejected=442 replayed=499 edges=172 objects=499 queue_full=0 execs=534169492 registered=8 reports=8 objectives=0 wall_ms=120133 sync_every=256 rescan=0 sync_calls=32394 sync_ns=51653531870 sync_ns_p95=1704789 sync_ns_max=17950302 paths_listed=12140364 paths_read=3025 bytes_read=125092 spooled=3025
3	A	1	3	256	0		18303	0	T2_RESULT workers=1 ingested=358 admitted=57 rejected=301 replayed=358 edges=171 objects=358 queue_full=0 execs=91191752 registered=1 reports=1 objectives=0 wall_ms=120073 sync_every=256 rescan=0 sync_calls=5529 sync_ns=5336246370 sync_ns_p95=1005133 sync_ns_max=3708206 paths_listed=1923000 paths_read=358 bytes_read=15485 spooled=358
3	G	8	3	1	1		18304	0	T2_RESULT workers=8 ingested=440 admitted=64 rejected=376 replayed=440 edges=171 objects=440 queue_full=0 execs=28818768 registered=8 reports=8 objectives=0 wall_ms=120151 sync_every=1 rescan=1 sync_calls=447112 sync_ns=904570892548 sync_ns_p95=2118476 sync_ns_max=20201448 paths_listed=143274978 paths_read=143274978 bytes_read=5855710854 spooled=2656
3	D	7	3	256	0	0-6	18305	0	T2_RESULT workers=7 ingested=481 admitted=54 rejected=427 replayed=481 edges=173 objects=481 queue_full=0 execs=493037989 registered=7 reports=7 objectives=0 wall_ms=120133 sync_every=256 rescan=0 sync_calls=29896 sync_ns=43637307777 sync_ns_p95=1651919 sync_ns_max=10765420 paths_listed=10928707 paths_read=2580 bytes_read=112888 spooled=2580
3	B	4	3	256	0		18306	0	T2_RESULT workers=4 ingested=436 admitted=56 rejected=380 replayed=436 edges=173 objects=436 queue_full=0 execs=363929898 registered=4 reports=4 objectives=0 wall_ms=120112 sync_every=256 rescan=0 sync_calls=22078 sync_ns=23200150337 sync_ns_p95=1099583 sync_ns_max=6046761 paths_listed=8314848 paths_read=1535 bytes_read=64644 spooled=1535
3	F	8	3	256	1		18307	0	T2_RESULT workers=8 ingested=482 admitted=54 rejected=428 replayed=482 edges=173 objects=482 queue_full=0 execs=519705219 registered=8 reports=8 objectives=0 wall_ms=120149 sync_every=256 rescan=1 sync_calls=31515 sync_ns=73104428502 sync_ns_p95=2500225 sync_ns_max=13536383 paths_listed=11377491 paths_read=11377491 bytes_read=484321246 spooled=2961
